{
    "time_start": 1638256384.451315,
    "time_end": 1638257401.9642816,
    "total": 1017.512966632843,
    "list_fs": [
        0,
        121,
        240,
        361,
        240,
        241,
        240,
        241,
        240,
        241,
        240,
        241,
        240,
        309,
        293,
        240,
        241,
        240,
        240,
        241,
        240,
        241,
        240,
        249,
        353,
        240,
        241,
        240,
        241,
        240,
        241,
        240,
        241,
        240,
        283,
        318,
        241,
        240,
        241,
        240,
        241,
        240,
        241,
        240,
        311,
        290,
        241,
        240,
        241,
        240,
        241,
        240,
        241,
        240,
        283,
        318,
        241,
        240,
        241,
        240,
        241,
        240,
        241,
        240,
        246,
        355,
        241,
        240,
        241,
        240,
        241,
        240,
        241,
        240,
        241,
        361,
        240,
        241,
        240,
        241,
        240,
        240,
        241,
        240,
        241,
        298,
        303,
        241,
        240,
        241,
        240,
        241,
        240,
        241,
        240,
        241,
        360,
        241,
        240,
        241,
        240,
        241,
        240,
        241,
        240,
        241,
        360,
        241,
        240,
        241,
        240,
        241,
        240,
        241,
        240,
        241,
        241,
        360,
        240,
        241,
        240,
        241,
        240,
        241,
        240,
        241,
        240,
        283,
        318,
        241,
        240,
        241,
        240,
        241,
        240,
        241,
        240,
        241,
        361,
        240,
        241,
        240,
        241,
        240,
        240,
        241,
        240,
        241,
        289,
        312,
        241,
        240,
        241,
        240,
        241,
        240,
        241,
        240,
        241,
        360,
        241,
        240,
        241,
        240,
        241,
        240,
        241,
        240,
        241,
        352,
        249,
        240,
        241,
        240,
        241,
        240,
        241,
        240,
        241,
        244,
        357,
        240,
        241,
        240,
        241,
        240,
        241,
        240,
        241,
        240,
        275,
        326,
        241,
        240,
        241,
        240,
        241,
        240,
        241,
        240,
        248,
        354,
        240,
        241,
        240,
        241,
        240,
        240,
        241,
        240,
        241,
        361,
        240,
        241,
        240,
        241,
        240,
        241,
        240,
        241,
        240,
        252,
        349,
        241,
        240,
        241,
        240,
        241,
        240,
        241,
        240,
        241,
        360,
        241,
        240,
        241,
        240,
        241,
        240,
        241,
        240,
        241,
        360,
        241,
        240,
        241,
        240,
        241,
        240,
        241,
        240,
        241,
        241,
        360,
        240,
        241,
        240,
        241,
        240,
        241,
        240,
        241,
        240,
        361,
        241,
        240,
        241,
        240,
        241,
        240,
        240,
        241,
        240,
        286,
        316,
        240,
        241,
        240,
        241,
        240,
        241,
        240,
        241,
        240,
        360,
        241,
        241,
        240,
        241,
        240,
        241,
        240,
        241,
        240,
        241,
        360,
        241,
        240,
        241,
        240,
        241,
        240,
        241,
        240,
        241,
        301,
        300,
        240,
        241,
        240,
        241,
        240,
        241,
        240,
        241,
        240,
        361,
        240,
        241,
        240,
        241,
        240,
        241,
        240,
        241,
        240,
        361,
        240,
        241,
        240,
        240,
        241,
        240,
        241,
        240,
        241,
        361,
        240,
        241,
        240,
        241,
        240,
        241,
        240,
        241,
        240,
        268,
        333,
        241,
        240,
        241,
        240,
        241,
        240,
        241,
        240,
        325,
        276,
        241,
        240,
        241,
        240,
        241,
        240,
        241,
        240,
        349,
        252,
        241,
        240,
        241,
        240,
        241,
        240,
        241,
        240,
        275,
        326,
        241,
        240,
        241,
        240,
        241,
        240,
        241,
        240,
        315,
        287,
        240,
        241,
        240,
        241,
        240,
        240,
        241,
        240,
        241,
        361,
        240,
        241,
        240,
        241,
        240,
        241,
        302,
        240,
        241,
        240,
        241,
        240,
        241,
        240,
        361,
        241,
        240,
        241,
        240,
        241,
        240,
        241,
        240,
        240,
        361,
        241,
        240,
        172,
        361,
        240,
        241,
        240,
        241,
        240,
        240,
        241,
        240,
        241,
        278,
        323,
        241,
        240,
        241,
        240,
        241,
        240,
        241,
        240,
        266,
        335,
        241,
        240,
        241,
        240,
        241,
        240,
        241,
        240,
        241,
        255,
        346,
        240,
        241,
        240,
        241,
        240,
        241,
        240,
        241,
        240,
        361,
        240,
        241,
        240,
        241,
        240,
        241,
        240,
        241,
        268,
        333,
        240,
        241,
        240,
        241,
        240,
        241,
        240,
        241,
        240,
        361,
        241,
        240,
        241,
        240,
        240,
        241,
        240,
        241,
        240,
        361,
        241,
        240,
        241,
        240,
        241,
        240,
        241,
        240,
        241,
        360,
        241,
        240,
        241,
        240,
        241,
        240,
        241,
        240,
        241,
        291,
        310,
        240,
        241,
        240,
        241,
        240,
        241,
        240,
        241,
        248,
        353,
        240,
        241,
        240,
        241,
        240,
        241,
        240,
        241,
        240,
        361,
        240,
        241,
        240,
        241,
        240,
        241,
        240,
        241,
        240,
        361,
        241,
        240,
        241,
        240,
        241,
        240,
        240,
        241,
        299,
        302,
        241,
        240,
        241,
        240,
        241,
        240,
        241,
        240,
        253,
        348,
        241,
        240,
        241,
        240,
        241,
        240,
        241,
        240,
        241,
        360,
        241,
        240,
        241,
        240,
        241,
        240,
        241,
        240,
        241,
        360,
        241,
        240,
        241,
        240,
        241,
        240,
        241,
        240,
        241,
        361,
        240,
        241,
        240,
        240,
        241,
        240,
